4114070436,John,Johnson,g2,automatismes et informatique i,year1,15:18,Web_dev
4114070436,John,Johnson,g2,automatismes et informatique i,year1,15:18,Web_dev
4114070436,John,Johnson,g2,automatismes et informatique i,year1,15:18,Web_dev
4114070436,John,Johnson,g2,automatismes et informatique i,year1,15:18,Web_dev
4114070436,John,Johnson,g2,automatismes et informatique i,year1,15:19,Web_dev
4114070436,John,Johnson,g2,automatismes et informatique i,year1,15:19,Web_dev
4114070436,John,Johnson,g2,automatismes et informatique i,year1,15:19,Web_dev
4114070436,John,Johnson,g2,automatismes et informatique i,year1,15:19,Web_dev
4114070436,John,Johnson,g2,automatismes et informatique i,year1,15:19,Web_dev
4114070436,John,Johnson,g2,automatismes et informatique i,year1,15:19,Web_dev
4114070436,John,Johnson,g2,automatismes et informatique i,year1,15:19,Web_dev
4114070436,John,Johnson,g2,automatismes et informatique i,year1,15:19,Web_dev
4114070436,John,Johnson,g2,automatismes et informatique i,year1,15:19,Web_dev
4114070436,John,Johnson,g2,automatismes et informatique i,year1,15:19,Web_dev
4114070436,John,Johnson,g2,automatismes et informatique i,year1,15:19,Web_dev
4114070436,John,Johnson,g2,automatismes et informatique i,year1,15:19,Web_dev
4114070436,John,Johnson,g2,automatismes et informatique i,year1,15:19,Web_dev
4114070436,John,Johnson,g2,automatismes et informatique i,year1,15:19,Web_dev
4114070436,John,Johnson,g2,automatismes et informatique i,year1,15:19,Web_dev
4114070436,John,Johnson,g2,automatismes et informatique i,year1,15:19,Web_dev
4114070436,John,Johnson,g2,automatismes et informatique i,year1,15:19,Web_dev
